time_interval_hour,mint_instructions
2022-03-20 00:00:00.000000 UTC,68454
2022-03-20 01:00:00.000000 UTC,58084
2022-03-20 02:00:00.000000 UTC,42982
2022-03-20 03:00:00.000000 UTC,46602
2022-03-20 04:00:00.000000 UTC,49153
2022-03-20 05:00:00.000000 UTC,54269
2022-03-20 06:00:00.000000 UTC,49532
2022-03-20 07:00:00.000000 UTC,41329
2022-03-20 08:00:00.000000 UTC,42685
2022-03-20 09:00:00.000000 UTC,56258
2022-03-20 10:00:00.000000 UTC,46530
2022-03-20 11:00:00.000000 UTC,52344
2022-03-20 12:00:00.000000 UTC,79984
2022-03-20 13:00:00.000000 UTC,41529
2022-03-20 14:00:00.000000 UTC,43234
2022-03-20 15:00:00.000000 UTC,56414
2022-03-20 16:00:00.000000 UTC,69474
2022-03-20 17:00:00.000000 UTC,74370
2022-03-20 18:00:00.000000 UTC,64627
2022-03-20 19:00:00.000000 UTC,60135
2022-03-20 20:00:00.000000 UTC,78798
2022-03-20 21:00:00.000000 UTC,107377
2022-03-20 22:00:00.000000 UTC,64211
2022-03-20 23:00:00.000000 UTC,43851
2022-03-21 00:00:00.000000 UTC,47541
2022-03-21 01:00:00.000000 UTC,38944
2022-03-21 02:00:00.000000 UTC,52966
2022-03-21 03:00:00.000000 UTC,49709
2022-03-21 04:00:00.000000 UTC,42362
2022-03-21 05:00:00.000000 UTC,42742
2022-03-21 06:00:00.000000 UTC,45659
2022-03-21 07:00:00.000000 UTC,49893
2022-03-21 08:00:00.000000 UTC,41557
2022-03-21 09:00:00.000000 UTC,64753
2022-03-21 10:00:00.000000 UTC,61870
2022-03-21 11:00:00.000000 UTC,69818
2022-03-21 12:00:00.000000 UTC,59373
2022-03-21 13:00:00.000000 UTC,49671
2022-03-21 14:00:00.000000 UTC,57332
2022-03-21 15:00:00.000000 UTC,57171
2022-03-21 16:00:00.000000 UTC,62283
2022-03-21 17:00:00.000000 UTC,107164
2022-03-21 18:00:00.000000 UTC,93912
2022-03-21 19:00:00.000000 UTC,119786
2022-03-21 20:00:00.000000 UTC,66272
2022-03-21 21:00:00.000000 UTC,55752
2022-03-21 22:00:00.000000 UTC,55936
2022-03-21 23:00:00.000000 UTC,46790
2022-03-22 00:00:00.000000 UTC,51230
2022-03-22 01:00:00.000000 UTC,40868
2022-03-22 02:00:00.000000 UTC,69150
2022-03-22 03:00:00.000000 UTC,61146
2022-03-22 04:00:00.000000 UTC,74480
2022-03-22 05:00:00.000000 UTC,54242
2022-03-22 06:00:00.000000 UTC,64780
2022-03-22 07:00:00.000000 UTC,53724
2022-03-22 08:00:00.000000 UTC,50008
2022-03-22 09:00:00.000000 UTC,48918
2022-03-22 10:00:00.000000 UTC,56673
2022-03-22 11:00:00.000000 UTC,44825
2022-03-22 12:00:00.000000 UTC,50491
2022-03-22 13:00:00.000000 UTC,59266
2022-03-22 14:00:00.000000 UTC,66075
2022-03-22 15:00:00.000000 UTC,57311
2022-03-22 16:00:00.000000 UTC,50501
2022-03-22 17:00:00.000000 UTC,54444
2022-03-22 18:00:00.000000 UTC,41932
2022-03-22 19:00:00.000000 UTC,62595
2022-03-22 20:00:00.000000 UTC,43371
2022-03-22 21:00:00.000000 UTC,47674
2022-03-22 22:00:00.000000 UTC,52520
2022-03-22 23:00:00.000000 UTC,54974
2022-03-23 00:00:00.000000 UTC,43612
2022-03-23 01:00:00.000000 UTC,70664
2022-03-23 02:00:00.000000 UTC,45666
2022-03-23 03:00:00.000000 UTC,41368
2022-03-23 04:00:00.000000 UTC,48646
2022-03-23 05:00:00.000000 UTC,39157
2022-03-23 06:00:00.000000 UTC,42411
2022-03-23 07:00:00.000000 UTC,34003
2022-03-23 08:00:00.000000 UTC,63151
2022-03-23 09:00:00.000000 UTC,59842
2022-03-23 10:00:00.000000 UTC,50541
2022-03-23 11:00:00.000000 UTC,56503
2022-03-23 12:00:00.000000 UTC,58808
2022-03-23 13:00:00.000000 UTC,59247
2022-03-23 14:00:00.000000 UTC,67179
2022-03-23 15:00:00.000000 UTC,54761
2022-03-23 16:00:00.000000 UTC,55807
2022-03-23 17:00:00.000000 UTC,57579
2022-03-23 18:00:00.000000 UTC,59870
2022-03-23 19:00:00.000000 UTC,69866
2022-03-23 20:00:00.000000 UTC,72700
2022-03-23 21:00:00.000000 UTC,44021
2022-03-23 22:00:00.000000 UTC,46801
2022-03-23 23:00:00.000000 UTC,53052
2022-03-24 00:00:00.000000 UTC,58772
2022-03-24 01:00:00.000000 UTC,57349
2022-03-24 02:00:00.000000 UTC,64724
2022-03-24 03:00:00.000000 UTC,55096
2022-03-24 04:00:00.000000 UTC,60230
2022-03-24 05:00:00.000000 UTC,58709
2022-03-24 06:00:00.000000 UTC,48096
2022-03-24 07:00:00.000000 UTC,55163
2022-03-24 08:00:00.000000 UTC,49492
2022-03-24 09:00:00.000000 UTC,53235
2022-03-24 10:00:00.000000 UTC,60150
2022-03-24 11:00:00.000000 UTC,67243
2022-03-24 12:00:00.000000 UTC,64243
2022-03-24 13:00:00.000000 UTC,69272
2022-03-24 14:00:00.000000 UTC,46633
2022-03-24 15:00:00.000000 UTC,53385
2022-03-24 16:00:00.000000 UTC,56424
2022-03-24 17:00:00.000000 UTC,65246
2022-03-24 18:00:00.000000 UTC,67818
2022-03-24 19:00:00.000000 UTC,79214
2022-03-24 20:00:00.000000 UTC,52136
2022-03-24 21:00:00.000000 UTC,86656
2022-03-24 22:00:00.000000 UTC,76857
2022-03-24 23:00:00.000000 UTC,84665
2022-03-25 00:00:00.000000 UTC,83990
2022-03-25 01:00:00.000000 UTC,79245
2022-03-25 02:00:00.000000 UTC,79577
2022-03-25 03:00:00.000000 UTC,86210
2022-03-25 04:00:00.000000 UTC,77591
2022-03-25 05:00:00.000000 UTC,72004
2022-03-25 06:00:00.000000 UTC,57512
2022-03-25 07:00:00.000000 UTC,54403
2022-03-25 08:00:00.000000 UTC,55416
2022-03-25 09:00:00.000000 UTC,60431
2022-03-25 10:00:00.000000 UTC,49753
2022-03-25 11:00:00.000000 UTC,56370
2022-03-25 12:00:00.000000 UTC,54733
2022-03-25 13:00:00.000000 UTC,75930
2022-03-25 14:00:00.000000 UTC,91868
2022-03-25 15:00:00.000000 UTC,80225
2022-03-25 16:00:00.000000 UTC,93809
2022-03-25 17:00:00.000000 UTC,82239
2022-03-25 18:00:00.000000 UTC,104417
2022-03-25 19:00:00.000000 UTC,61340
2022-03-25 20:00:00.000000 UTC,88655
2022-03-25 21:00:00.000000 UTC,76566
2022-03-25 22:00:00.000000 UTC,49771
2022-03-25 23:00:00.000000 UTC,49656
2022-03-26 00:00:00.000000 UTC,38680
2022-03-26 01:00:00.000000 UTC,44561
2022-03-26 02:00:00.000000 UTC,40530
2022-03-26 03:00:00.000000 UTC,60321
2022-03-26 04:00:00.000000 UTC,60053
2022-03-26 05:00:00.000000 UTC,35875
2022-03-26 06:00:00.000000 UTC,68728
2022-03-26 07:00:00.000000 UTC,49428
2022-03-26 08:00:00.000000 UTC,33175
2022-03-26 09:00:00.000000 UTC,35838
2022-03-26 10:00:00.000000 UTC,38341
2022-03-26 11:00:00.000000 UTC,31427
2022-03-26 12:00:00.000000 UTC,38886
2022-03-26 13:00:00.000000 UTC,37891
2022-03-26 14:00:00.000000 UTC,31631
2022-03-26 15:00:00.000000 UTC,49783
2022-03-26 16:00:00.000000 UTC,82243
2022-03-26 17:00:00.000000 UTC,70704
2022-03-26 18:00:00.000000 UTC,83046
2022-03-26 19:00:00.000000 UTC,43258
2022-03-26 20:00:00.000000 UTC,66443
2022-03-26 21:00:00.000000 UTC,107716
2022-03-26 22:00:00.000000 UTC,143597
2022-03-26 23:00:00.000000 UTC,159508
2022-03-27 00:00:00.000000 UTC,145501
2022-03-27 01:00:00.000000 UTC,149659
2022-03-27 02:00:00.000000 UTC,142952
2022-03-27 03:00:00.000000 UTC,152885
2022-03-27 04:00:00.000000 UTC,137570
2022-03-27 05:00:00.000000 UTC,116743
2022-03-27 06:00:00.000000 UTC,86985
2022-03-27 07:00:00.000000 UTC,87105
2022-03-27 08:00:00.000000 UTC,96166
2022-03-27 09:00:00.000000 UTC,86157
2022-03-27 10:00:00.000000 UTC,86483
2022-03-27 11:00:00.000000 UTC,82693
2022-03-27 12:00:00.000000 UTC,90166
2022-03-27 13:00:00.000000 UTC,100178
2022-03-27 14:00:00.000000 UTC,85258
2022-03-27 15:00:00.000000 UTC,88327
2022-03-27 16:00:00.000000 UTC,82665
2022-03-27 17:00:00.000000 UTC,94889
2022-03-27 18:00:00.000000 UTC,46659
2022-03-27 19:00:00.000000 UTC,49806
2022-03-27 20:00:00.000000 UTC,84716
2022-03-27 21:00:00.000000 UTC,60859
2022-03-27 22:00:00.000000 UTC,58300
2022-03-27 23:00:00.000000 UTC,51629
2022-03-28 00:00:00.000000 UTC,58828
2022-03-28 01:00:00.000000 UTC,32318
2022-03-28 02:00:00.000000 UTC,42949
2022-03-28 03:00:00.000000 UTC,38746
2022-03-28 04:00:00.000000 UTC,38815
2022-03-28 05:00:00.000000 UTC,63653
2022-03-28 06:00:00.000000 UTC,58670
2022-03-28 07:00:00.000000 UTC,48271
2022-03-28 08:00:00.000000 UTC,49300
2022-03-28 09:00:00.000000 UTC,47511
2022-03-28 10:00:00.000000 UTC,56199
2022-03-28 11:00:00.000000 UTC,68799
2022-03-28 12:00:00.000000 UTC,59794
2022-03-28 13:00:00.000000 UTC,65401
2022-03-28 14:00:00.000000 UTC,75925
2022-03-28 15:00:00.000000 UTC,75097
2022-03-28 16:00:00.000000 UTC,72359
2022-03-28 17:00:00.000000 UTC,75412
2022-03-28 18:00:00.000000 UTC,75568
2022-03-28 19:00:00.000000 UTC,66828
2022-03-28 20:00:00.000000 UTC,75557
2022-03-28 21:00:00.000000 UTC,64873
2022-03-28 22:00:00.000000 UTC,68416
2022-03-28 23:00:00.000000 UTC,67481
2022-03-29 00:00:00.000000 UTC,51389
2022-03-29 01:00:00.000000 UTC,57162
2022-03-29 02:00:00.000000 UTC,50506
2022-03-29 03:00:00.000000 UTC,43624
2022-03-29 04:00:00.000000 UTC,49777
2022-03-29 05:00:00.000000 UTC,54788
2022-03-29 06:00:00.000000 UTC,43921
2022-03-29 07:00:00.000000 UTC,61256
2022-03-29 08:00:00.000000 UTC,62616
2022-03-29 09:00:00.000000 UTC,48642
2022-03-29 10:00:00.000000 UTC,44701
2022-03-29 11:00:00.000000 UTC,52634
2022-03-29 12:00:00.000000 UTC,56409
2022-03-29 13:00:00.000000 UTC,57882
2022-03-29 14:00:00.000000 UTC,61004
2022-03-29 15:00:00.000000 UTC,63337
2022-03-29 16:00:00.000000 UTC,61393
2022-03-29 17:00:00.000000 UTC,65540
2022-03-29 18:00:00.000000 UTC,58117
2022-03-29 19:00:00.000000 UTC,84135
2022-03-29 20:00:00.000000 UTC,61374
2022-03-29 21:00:00.000000 UTC,69609
2022-03-29 22:00:00.000000 UTC,59552
2022-03-29 23:00:00.000000 UTC,46468
2022-03-30 00:00:00.000000 UTC,63974
2022-03-30 01:00:00.000000 UTC,58777
2022-03-30 02:00:00.000000 UTC,56007
2022-03-30 03:00:00.000000 UTC,65280
2022-03-30 04:00:00.000000 UTC,52067
2022-03-30 05:00:00.000000 UTC,64686
2022-03-30 06:00:00.000000 UTC,52660
2022-03-30 07:00:00.000000 UTC,54256
2022-03-30 08:00:00.000000 UTC,51158
2022-03-30 09:00:00.000000 UTC,56239
2022-03-30 10:00:00.000000 UTC,45883
2022-03-30 11:00:00.000000 UTC,46157
2022-03-30 12:00:00.000000 UTC,72963
2022-03-30 13:00:00.000000 UTC,64385
2022-03-30 14:00:00.000000 UTC,70883
2022-03-30 15:00:00.000000 UTC,67063
2022-03-30 16:00:00.000000 UTC,77342
2022-03-30 17:00:00.000000 UTC,77856
2022-03-30 18:00:00.000000 UTC,67204
2022-03-30 19:00:00.000000 UTC,65637
2022-03-30 20:00:00.000000 UTC,58103
2022-03-30 21:00:00.000000 UTC,65792
2022-03-30 22:00:00.000000 UTC,52812
2022-03-30 23:00:00.000000 UTC,43853
2022-03-31 00:00:00.000000 UTC,49503
2022-03-31 01:00:00.000000 UTC,54154
2022-03-31 02:00:00.000000 UTC,45771
2022-03-31 03:00:00.000000 UTC,53308
2022-03-31 04:00:00.000000 UTC,51713
2022-03-31 05:00:00.000000 UTC,50759
2022-03-31 06:00:00.000000 UTC,42847
2022-03-31 07:00:00.000000 UTC,47824
2022-03-31 08:00:00.000000 UTC,48464
2022-03-31 09:00:00.000000 UTC,42991
2022-03-31 10:00:00.000000 UTC,55301
2022-03-31 11:00:00.000000 UTC,60892
2022-03-31 12:00:00.000000 UTC,68187
2022-03-31 13:00:00.000000 UTC,74788
2022-03-31 14:00:00.000000 UTC,81413
2022-03-31 15:00:00.000000 UTC,76843
2022-03-31 16:00:00.000000 UTC,74433
2022-03-31 17:00:00.000000 UTC,66961
2022-03-31 18:00:00.000000 UTC,80917
2022-03-31 19:00:00.000000 UTC,83179
2022-03-31 20:00:00.000000 UTC,61506
2022-03-31 21:00:00.000000 UTC,77159
2022-03-31 22:00:00.000000 UTC,85940
2022-03-31 23:00:00.000000 UTC,90836
2022-04-01 00:00:00.000000 UTC,37066
2022-04-01 01:00:00.000000 UTC,46305
2022-04-01 02:00:00.000000 UTC,73068
2022-04-01 03:00:00.000000 UTC,72959
2022-04-01 04:00:00.000000 UTC,85130
2022-04-01 05:00:00.000000 UTC,63691
2022-04-01 06:00:00.000000 UTC,77769
2022-04-01 07:00:00.000000 UTC,119477
2022-04-01 08:00:00.000000 UTC,109254
2022-04-01 09:00:00.000000 UTC,95309
2022-04-01 10:00:00.000000 UTC,100555
2022-04-01 11:00:00.000000 UTC,98644
2022-04-01 12:00:00.000000 UTC,85301
2022-04-01 13:00:00.000000 UTC,67160
2022-04-01 14:00:00.000000 UTC,74063
2022-04-01 15:00:00.000000 UTC,83678
2022-04-01 16:00:00.000000 UTC,66082
2022-04-01 17:00:00.000000 UTC,67290
2022-04-01 18:00:00.000000 UTC,75090
2022-04-01 19:00:00.000000 UTC,77501
2022-04-01 20:00:00.000000 UTC,95854
2022-04-01 21:00:00.000000 UTC,76202
2022-04-01 22:00:00.000000 UTC,66723
2022-04-01 23:00:00.000000 UTC,61925
2022-04-02 00:00:00.000000 UTC,61535
2022-04-02 01:00:00.000000 UTC,50907
2022-04-02 02:00:00.000000 UTC,64631
2022-04-02 03:00:00.000000 UTC,49332
2022-04-02 04:00:00.000000 UTC,49747
2022-04-02 05:00:00.000000 UTC,41290
2022-04-02 06:00:00.000000 UTC,48442
2022-04-02 07:00:00.000000 UTC,39664
2022-04-02 08:00:00.000000 UTC,50621
2022-04-02 09:00:00.000000 UTC,47065
2022-04-02 10:00:00.000000 UTC,49796
2022-04-02 11:00:00.000000 UTC,56678
2022-04-02 12:00:00.000000 UTC,48549
2022-04-02 13:00:00.000000 UTC,49487
2022-04-02 14:00:00.000000 UTC,57924
2022-04-02 15:00:00.000000 UTC,56295
2022-04-02 16:00:00.000000 UTC,60362
2022-04-02 17:00:00.000000 UTC,53040
2022-04-02 18:00:00.000000 UTC,56279
2022-04-02 19:00:00.000000 UTC,48922
2022-04-02 20:00:00.000000 UTC,65740
2022-04-02 21:00:00.000000 UTC,56182
2022-04-02 22:00:00.000000 UTC,59163
2022-04-02 23:00:00.000000 UTC,41157
2022-04-03 00:00:00.000000 UTC,38597
2022-04-03 01:00:00.000000 UTC,47460
2022-04-03 02:00:00.000000 UTC,60560
2022-04-03 03:00:00.000000 UTC,45223
2022-04-03 04:00:00.000000 UTC,40887
2022-04-03 05:00:00.000000 UTC,46959
2022-04-03 06:00:00.000000 UTC,34414
2022-04-03 07:00:00.000000 UTC,51135
2022-04-03 08:00:00.000000 UTC,46348
2022-04-03 09:00:00.000000 UTC,52940
2022-04-03 10:00:00.000000 UTC,36217
2022-04-03 11:00:00.000000 UTC,45104
2022-04-03 12:00:00.000000 UTC,55292
2022-04-03 13:00:00.000000 UTC,56832
2022-04-03 14:00:00.000000 UTC,59122
2022-04-03 15:00:00.000000 UTC,54720
2022-04-03 16:00:00.000000 UTC,58166
2022-04-03 17:00:00.000000 UTC,62639
2022-04-03 18:00:00.000000 UTC,42207
2022-04-03 19:00:00.000000 UTC,60217
2022-04-03 20:00:00.000000 UTC,60341
2022-04-03 21:00:00.000000 UTC,58931
2022-04-03 22:00:00.000000 UTC,85079
2022-04-03 23:00:00.000000 UTC,81514
2022-04-04 00:00:00.000000 UTC,89699
2022-04-04 01:00:00.000000 UTC,95717
2022-04-04 02:00:00.000000 UTC,82305
2022-04-04 03:00:00.000000 UTC,74486
2022-04-04 04:00:00.000000 UTC,82062
2022-04-04 05:00:00.000000 UTC,85222
2022-04-04 06:00:00.000000 UTC,88787
2022-04-04 07:00:00.000000 UTC,94295
2022-04-04 08:00:00.000000 UTC,91471
2022-04-04 09:00:00.000000 UTC,90079
2022-04-04 10:00:00.000000 UTC,91442
2022-04-04 11:00:00.000000 UTC,84462
2022-04-04 12:00:00.000000 UTC,89838
2022-04-04 13:00:00.000000 UTC,95201
2022-04-04 14:00:00.000000 UTC,76523
2022-04-04 15:00:00.000000 UTC,66751
2022-04-04 16:00:00.000000 UTC,78130
2022-04-04 17:00:00.000000 UTC,67345
2022-04-04 18:00:00.000000 UTC,70686
2022-04-04 19:00:00.000000 UTC,58145
2022-04-04 20:00:00.000000 UTC,52236
2022-04-04 21:00:00.000000 UTC,61384
2022-04-04 22:00:00.000000 UTC,61196
2022-04-04 23:00:00.000000 UTC,43549
2022-04-05 00:00:00.000000 UTC,50796
2022-04-05 01:00:00.000000 UTC,45050
2022-04-05 02:00:00.000000 UTC,40503
2022-04-05 03:00:00.000000 UTC,47134
2022-04-05 04:00:00.000000 UTC,50074
2022-04-05 05:00:00.000000 UTC,51415
2022-04-05 06:00:00.000000 UTC,58070
2022-04-05 07:00:00.000000 UTC,52356
2022-04-05 08:00:00.000000 UTC,56025
2022-04-05 09:00:00.000000 UTC,48098
2022-04-05 10:00:00.000000 UTC,50012
2022-04-05 11:00:00.000000 UTC,51664
2022-04-05 12:00:00.000000 UTC,52190
2022-04-05 13:00:00.000000 UTC,50079
2022-04-05 14:00:00.000000 UTC,44377
2022-04-05 15:00:00.000000 UTC,51548
2022-04-05 16:00:00.000000 UTC,46707
2022-04-05 17:00:00.000000 UTC,41083
2022-04-05 18:00:00.000000 UTC,38595
2022-04-05 19:00:00.000000 UTC,70071
2022-04-05 20:00:00.000000 UTC,55220
2022-04-05 21:00:00.000000 UTC,55764
2022-04-05 22:00:00.000000 UTC,43925
2022-04-05 23:00:00.000000 UTC,42823
2022-04-06 00:00:00.000000 UTC,55578
2022-04-06 01:00:00.000000 UTC,40734
2022-04-06 02:00:00.000000 UTC,38988
2022-04-06 03:00:00.000000 UTC,41581
2022-04-06 04:00:00.000000 UTC,47127
2022-04-06 05:00:00.000000 UTC,47537
2022-04-06 06:00:00.000000 UTC,41702
2022-04-06 07:00:00.000000 UTC,40562
2022-04-06 08:00:00.000000 UTC,38897
2022-04-06 09:00:00.000000 UTC,46693
2022-04-06 10:00:00.000000 UTC,52204
2022-04-06 11:00:00.000000 UTC,48470
2022-04-06 12:00:00.000000 UTC,36173
2022-04-06 13:00:00.000000 UTC,52669
2022-04-06 14:00:00.000000 UTC,50873
2022-04-06 15:00:00.000000 UTC,50485
2022-04-06 16:00:00.000000 UTC,38132
2022-04-06 17:00:00.000000 UTC,42576
2022-04-06 18:00:00.000000 UTC,41015
2022-04-06 19:00:00.000000 UTC,51495
2022-04-06 20:00:00.000000 UTC,54307
2022-04-06 21:00:00.000000 UTC,47151
2022-04-06 22:00:00.000000 UTC,48393
2022-04-06 23:00:00.000000 UTC,52744
2022-04-07 00:00:00.000000 UTC,56280
2022-04-07 01:00:00.000000 UTC,54144
2022-04-07 02:00:00.000000 UTC,58474
2022-04-07 03:00:00.000000 UTC,63097
2022-04-07 04:00:00.000000 UTC,54247
2022-04-07 05:00:00.000000 UTC,50680
2022-04-07 06:00:00.000000 UTC,53528
2022-04-07 07:00:00.000000 UTC,52516
2022-04-07 08:00:00.000000 UTC,50272
2022-04-07 09:00:00.000000 UTC,49325
2022-04-07 10:00:00.000000 UTC,43453
2022-04-07 11:00:00.000000 UTC,57179
2022-04-07 12:00:00.000000 UTC,51290
2022-04-07 13:00:00.000000 UTC,58308
2022-04-07 14:00:00.000000 UTC,53787
2022-04-07 15:00:00.000000 UTC,52035
2022-04-07 16:00:00.000000 UTC,32667
2022-04-07 17:00:00.000000 UTC,25588
2022-04-07 18:00:00.000000 UTC,22668
2022-04-07 19:00:00.000000 UTC,33542
2022-04-07 20:00:00.000000 UTC,29384
2022-04-07 21:00:00.000000 UTC,45726
2022-04-07 22:00:00.000000 UTC,43421
2022-04-07 23:00:00.000000 UTC,48385
2022-04-08 00:00:00.000000 UTC,59031
2022-04-08 01:00:00.000000 UTC,52630
2022-04-08 02:00:00.000000 UTC,54228
2022-04-08 03:00:00.000000 UTC,55318
2022-04-08 04:00:00.000000 UTC,64616
2022-04-08 05:00:00.000000 UTC,65655
2022-04-08 06:00:00.000000 UTC,57500
2022-04-08 07:00:00.000000 UTC,74263
2022-04-08 08:00:00.000000 UTC,63954
2022-04-08 09:00:00.000000 UTC,55270
2022-04-08 10:00:00.000000 UTC,68950
2022-04-08 11:00:00.000000 UTC,74091
2022-04-08 12:00:00.000000 UTC,62751
2022-04-08 13:00:00.000000 UTC,74162
2022-04-08 14:00:00.000000 UTC,72520
2022-04-08 15:00:00.000000 UTC,61981
2022-04-08 16:00:00.000000 UTC,75410
2022-04-08 17:00:00.000000 UTC,74647
2022-04-08 18:00:00.000000 UTC,57367
2022-04-08 19:00:00.000000 UTC,45804
2022-04-08 20:00:00.000000 UTC,42014
2022-04-08 21:00:00.000000 UTC,65605
2022-04-08 22:00:00.000000 UTC,80966
2022-04-08 23:00:00.000000 UTC,53780
2022-04-09 00:00:00.000000 UTC,52956
2022-04-09 01:00:00.000000 UTC,39114
2022-04-09 02:00:00.000000 UTC,42196
2022-04-09 03:00:00.000000 UTC,36514
2022-04-09 04:00:00.000000 UTC,33657
2022-04-09 05:00:00.000000 UTC,37680
2022-04-09 06:00:00.000000 UTC,42158
2022-04-09 07:00:00.000000 UTC,37263
2022-04-09 08:00:00.000000 UTC,38380
2022-04-09 09:00:00.000000 UTC,36758
2022-04-09 10:00:00.000000 UTC,41243
2022-04-09 11:00:00.000000 UTC,43497
2022-04-09 12:00:00.000000 UTC,44665
2022-04-09 13:00:00.000000 UTC,39490
2022-04-09 14:00:00.000000 UTC,41026
2022-04-09 15:00:00.000000 UTC,58066
2022-04-09 16:00:00.000000 UTC,99630
2022-04-09 17:00:00.000000 UTC,66888
2022-04-09 18:00:00.000000 UTC,81734
2022-04-09 19:00:00.000000 UTC,93857
2022-04-09 20:00:00.000000 UTC,83945
2022-04-09 21:00:00.000000 UTC,81260
2022-04-09 22:00:00.000000 UTC,114408
2022-04-09 23:00:00.000000 UTC,106303
2022-04-10 00:00:00.000000 UTC,45163
2022-04-10 01:00:00.000000 UTC,46769
2022-04-10 02:00:00.000000 UTC,49480
2022-04-10 03:00:00.000000 UTC,39928
2022-04-10 04:00:00.000000 UTC,49028
2022-04-10 05:00:00.000000 UTC,53831
2022-04-10 06:00:00.000000 UTC,76448
2022-04-10 07:00:00.000000 UTC,66206
2022-04-10 08:00:00.000000 UTC,47443
2022-04-10 09:00:00.000000 UTC,63156
2022-04-10 10:00:00.000000 UTC,62022
2022-04-10 11:00:00.000000 UTC,50024
2022-04-10 12:00:00.000000 UTC,47090
2022-04-10 13:00:00.000000 UTC,46444
2022-04-10 14:00:00.000000 UTC,57437
2022-04-10 15:00:00.000000 UTC,59806
2022-04-10 16:00:00.000000 UTC,94950
2022-04-10 17:00:00.000000 UTC,83655
2022-04-10 18:00:00.000000 UTC,87174
2022-04-10 19:00:00.000000 UTC,64715
2022-04-10 20:00:00.000000 UTC,93445
2022-04-10 21:00:00.000000 UTC,67555
2022-04-10 22:00:00.000000 UTC,83076
2022-04-10 23:00:00.000000 UTC,70563
2022-04-11 00:00:00.000000 UTC,60412
2022-04-11 01:00:00.000000 UTC,60797
2022-04-11 02:00:00.000000 UTC,61146
2022-04-11 03:00:00.000000 UTC,49323
2022-04-11 04:00:00.000000 UTC,45941
2022-04-11 05:00:00.000000 UTC,33780
2022-04-11 06:00:00.000000 UTC,58155
2022-04-11 07:00:00.000000 UTC,44915
2022-04-11 08:00:00.000000 UTC,49198
2022-04-11 09:00:00.000000 UTC,78630
2022-04-11 10:00:00.000000 UTC,65442
2022-04-11 11:00:00.000000 UTC,63744
2022-04-11 12:00:00.000000 UTC,63975
2022-04-11 13:00:00.000000 UTC,71844
2022-04-11 14:00:00.000000 UTC,56351
2022-04-11 15:00:00.000000 UTC,52688
2022-04-11 16:00:00.000000 UTC,62084
2022-04-11 17:00:00.000000 UTC,59663
2022-04-11 18:00:00.000000 UTC,55244
2022-04-11 19:00:00.000000 UTC,63099
2022-04-11 20:00:00.000000 UTC,76162
2022-04-11 21:00:00.000000 UTC,110210
2022-04-11 22:00:00.000000 UTC,145168
2022-04-11 23:00:00.000000 UTC,143015
2022-04-12 00:00:00.000000 UTC,130306
2022-04-12 01:00:00.000000 UTC,148339
2022-04-12 02:00:00.000000 UTC,136729
2022-04-12 03:00:00.000000 UTC,144204
2022-04-12 04:00:00.000000 UTC,144404
2022-04-12 05:00:00.000000 UTC,145509
2022-04-12 06:00:00.000000 UTC,76128
2022-04-12 07:00:00.000000 UTC,62642
2022-04-12 08:00:00.000000 UTC,52796
2022-04-12 09:00:00.000000 UTC,58298
2022-04-12 10:00:00.000000 UTC,76851
2022-04-12 11:00:00.000000 UTC,94677
2022-04-12 12:00:00.000000 UTC,96885
2022-04-12 13:00:00.000000 UTC,86577
2022-04-12 14:00:00.000000 UTC,73979
2022-04-12 15:00:00.000000 UTC,34425
2022-04-12 16:00:00.000000 UTC,35529
2022-04-12 17:00:00.000000 UTC,39313
2022-04-12 18:00:00.000000 UTC,114697
2022-04-12 19:00:00.000000 UTC,197556
2022-04-12 20:00:00.000000 UTC,225389
2022-04-12 21:00:00.000000 UTC,267777
2022-04-12 22:00:00.000000 UTC,193834
2022-04-12 23:00:00.000000 UTC,187079
2022-04-13 00:00:00.000000 UTC,89198
2022-04-13 01:00:00.000000 UTC,52742
2022-04-13 02:00:00.000000 UTC,61336
2022-04-13 03:00:00.000000 UTC,65765
2022-04-13 04:00:00.000000 UTC,69828
2022-04-13 05:00:00.000000 UTC,91915
2022-04-13 06:00:00.000000 UTC,85615
2022-04-13 07:00:00.000000 UTC,73739
2022-04-13 08:00:00.000000 UTC,65145
2022-04-13 09:00:00.000000 UTC,161623
2022-04-13 10:00:00.000000 UTC,63018
2022-04-13 11:00:00.000000 UTC,60708
2022-04-13 12:00:00.000000 UTC,68780
2022-04-13 13:00:00.000000 UTC,95820
2022-04-13 14:00:00.000000 UTC,86813
2022-04-13 15:00:00.000000 UTC,167074
2022-04-13 16:00:00.000000 UTC,233233
2022-04-13 17:00:00.000000 UTC,160352
2022-04-13 18:00:00.000000 UTC,100787
2022-04-13 19:00:00.000000 UTC,98980
2022-04-13 20:00:00.000000 UTC,92402
2022-04-13 21:00:00.000000 UTC,98152
2022-04-13 22:00:00.000000 UTC,68026
2022-04-13 23:00:00.000000 UTC,64746
2022-04-14 00:00:00.000000 UTC,77171
2022-04-14 01:00:00.000000 UTC,101024
2022-04-14 02:00:00.000000 UTC,63944
2022-04-14 03:00:00.000000 UTC,93293
2022-04-14 04:00:00.000000 UTC,71960
2022-04-14 05:00:00.000000 UTC,83966
2022-04-14 06:00:00.000000 UTC,89632
2022-04-14 07:00:00.000000 UTC,88136
2022-04-14 08:00:00.000000 UTC,81963
2022-04-14 09:00:00.000000 UTC,77285
2022-04-14 10:00:00.000000 UTC,81325
2022-04-14 11:00:00.000000 UTC,82711
2022-04-14 12:00:00.000000 UTC,92537
2022-04-14 13:00:00.000000 UTC,93840
2022-04-14 14:00:00.000000 UTC,84774
2022-04-14 15:00:00.000000 UTC,76103
2022-04-14 16:00:00.000000 UTC,60803
2022-04-14 17:00:00.000000 UTC,74001
2022-04-14 18:00:00.000000 UTC,99481
2022-04-14 19:00:00.000000 UTC,117141
2022-04-14 20:00:00.000000 UTC,124033
2022-04-14 21:00:00.000000 UTC,58789
2022-04-14 22:00:00.000000 UTC,78366
2022-04-14 23:00:00.000000 UTC,66851
2022-04-15 00:00:00.000000 UTC,118107
2022-04-15 01:00:00.000000 UTC,67157
2022-04-15 02:00:00.000000 UTC,73938
2022-04-15 03:00:00.000000 UTC,79267
2022-04-15 04:00:00.000000 UTC,80702
2022-04-15 05:00:00.000000 UTC,69028
2022-04-15 06:00:00.000000 UTC,91634
2022-04-15 07:00:00.000000 UTC,67577
2022-04-15 08:00:00.000000 UTC,60442
2022-04-15 09:00:00.000000 UTC,68708
2022-04-15 10:00:00.000000 UTC,71322
2022-04-15 11:00:00.000000 UTC,56909
2022-04-15 12:00:00.000000 UTC,74090
2022-04-15 13:00:00.000000 UTC,90957
2022-04-15 14:00:00.000000 UTC,79615
2022-04-15 15:00:00.000000 UTC,100887
2022-04-15 16:00:00.000000 UTC,96997
2022-04-15 17:00:00.000000 UTC,161041
2022-04-15 18:00:00.000000 UTC,184880
2022-04-15 19:00:00.000000 UTC,252313
2022-04-15 20:00:00.000000 UTC,151260
2022-04-15 21:00:00.000000 UTC,68648
2022-04-15 22:00:00.000000 UTC,133958
2022-04-15 23:00:00.000000 UTC,74107
2022-04-16 00:00:00.000000 UTC,104428
2022-04-16 01:00:00.000000 UTC,108051
2022-04-16 02:00:00.000000 UTC,58896
2022-04-16 03:00:00.000000 UTC,97150
2022-04-16 04:00:00.000000 UTC,89146
2022-04-16 05:00:00.000000 UTC,44468
2022-04-16 06:00:00.000000 UTC,74627
2022-04-16 07:00:00.000000 UTC,53283
2022-04-16 08:00:00.000000 UTC,49235
2022-04-16 09:00:00.000000 UTC,57386
2022-04-16 10:00:00.000000 UTC,66801
2022-04-16 11:00:00.000000 UTC,89471
2022-04-16 12:00:00.000000 UTC,93543
2022-04-16 13:00:00.000000 UTC,109966
2022-04-16 14:00:00.000000 UTC,93105
2022-04-16 15:00:00.000000 UTC,124360
2022-04-16 16:00:00.000000 UTC,100710
2022-04-16 17:00:00.000000 UTC,206080
2022-04-16 18:00:00.000000 UTC,205703
2022-04-16 19:00:00.000000 UTC,222629
2022-04-16 20:00:00.000000 UTC,279213
2022-04-16 21:00:00.000000 UTC,296486
2022-04-16 22:00:00.000000 UTC,234322
2022-04-16 23:00:00.000000 UTC,332516
2022-04-17 00:00:00.000000 UTC,269888
2022-04-17 01:00:00.000000 UTC,294685
2022-04-17 02:00:00.000000 UTC,123645
2022-04-17 03:00:00.000000 UTC,76887
2022-04-17 04:00:00.000000 UTC,54136
2022-04-17 05:00:00.000000 UTC,44412
2022-04-17 06:00:00.000000 UTC,45683
2022-04-17 07:00:00.000000 UTC,44784
2022-04-17 08:00:00.000000 UTC,50358
2022-04-17 09:00:00.000000 UTC,57049
2022-04-17 10:00:00.000000 UTC,73425
2022-04-17 11:00:00.000000 UTC,64862
2022-04-17 12:00:00.000000 UTC,65860
2022-04-17 13:00:00.000000 UTC,93186
2022-04-17 14:00:00.000000 UTC,131329
2022-04-17 15:00:00.000000 UTC,128516
2022-04-17 16:00:00.000000 UTC,123920
2022-04-17 17:00:00.000000 UTC,112131
2022-04-17 18:00:00.000000 UTC,158870
2022-04-17 19:00:00.000000 UTC,204335
2022-04-17 20:00:00.000000 UTC,225898
2022-04-17 21:00:00.000000 UTC,253822
2022-04-17 22:00:00.000000 UTC,268065
2022-04-17 23:00:00.000000 UTC,288825
2022-04-18 00:00:00.000000 UTC,315597
2022-04-18 01:00:00.000000 UTC,318521
2022-04-18 02:00:00.000000 UTC,167521
2022-04-18 03:00:00.000000 UTC,53096
2022-04-18 04:00:00.000000 UTC,107046
2022-04-18 05:00:00.000000 UTC,81997
2022-04-18 06:00:00.000000 UTC,76464
2022-04-18 07:00:00.000000 UTC,101988
2022-04-18 08:00:00.000000 UTC,71301
2022-04-18 09:00:00.000000 UTC,82423
2022-04-18 10:00:00.000000 UTC,99033
2022-04-18 11:00:00.000000 UTC,76080
2022-04-18 12:00:00.000000 UTC,93963
2022-04-18 13:00:00.000000 UTC,81855
2022-04-18 14:00:00.000000 UTC,84379
2022-04-18 15:00:00.000000 UTC,85548
2022-04-18 16:00:00.000000 UTC,113340
2022-04-18 17:00:00.000000 UTC,146982
2022-04-18 18:00:00.000000 UTC,222459
2022-04-18 19:00:00.000000 UTC,174593
2022-04-18 20:00:00.000000 UTC,77862
2022-04-18 21:00:00.000000 UTC,74847
2022-04-18 22:00:00.000000 UTC,63855
2022-04-18 23:00:00.000000 UTC,73574
2022-04-19 00:00:00.000000 UTC,111939
2022-04-19 01:00:00.000000 UTC,56849
2022-04-19 02:00:00.000000 UTC,71910
2022-04-19 03:00:00.000000 UTC,57121
2022-04-19 04:00:00.000000 UTC,61407
2022-04-19 05:00:00.000000 UTC,56029
2022-04-19 06:00:00.000000 UTC,62811
2022-04-19 07:00:00.000000 UTC,69845
2022-04-19 08:00:00.000000 UTC,81092
2022-04-19 09:00:00.000000 UTC,100525
2022-04-19 10:00:00.000000 UTC,65938
2022-04-19 11:00:00.000000 UTC,109323
2022-04-19 12:00:00.000000 UTC,136525
2022-04-19 13:00:00.000000 UTC,139544
2022-04-19 14:00:00.000000 UTC,113589
2022-04-19 15:00:00.000000 UTC,127011
2022-04-19 16:00:00.000000 UTC,148191
2022-04-19 17:00:00.000000 UTC,132468
2022-04-19 18:00:00.000000 UTC,111302
2022-04-19 19:00:00.000000 UTC,147185
2022-04-19 20:00:00.000000 UTC,80358
2022-04-19 21:00:00.000000 UTC,54974
2022-04-19 22:00:00.000000 UTC,68757
2022-04-19 23:00:00.000000 UTC,65200
2022-04-20 00:00:00.000000 UTC,86573
2022-04-20 01:00:00.000000 UTC,62367
2022-04-20 02:00:00.000000 UTC,64809
2022-04-20 03:00:00.000000 UTC,68507
2022-04-20 04:00:00.000000 UTC,72538
2022-04-20 05:00:00.000000 UTC,77215
2022-04-20 06:00:00.000000 UTC,82440
2022-04-20 07:00:00.000000 UTC,78051
2022-04-20 08:00:00.000000 UTC,70607
2022-04-20 09:00:00.000000 UTC,74803
2022-04-20 10:00:00.000000 UTC,110314
2022-04-20 11:00:00.000000 UTC,95527
2022-04-20 12:00:00.000000 UTC,94559
2022-04-20 13:00:00.000000 UTC,117363
2022-04-20 14:00:00.000000 UTC,110118
2022-04-20 15:00:00.000000 UTC,121453
2022-04-20 16:00:00.000000 UTC,128483
2022-04-20 17:00:00.000000 UTC,140963
2022-04-20 18:00:00.000000 UTC,194010
2022-04-20 19:00:00.000000 UTC,174627
2022-04-20 20:00:00.000000 UTC,127577
2022-04-20 21:00:00.000000 UTC,75297
2022-04-20 22:00:00.000000 UTC,73101
2022-04-20 23:00:00.000000 UTC,90750
2022-04-21 00:00:00.000000 UTC,80775
2022-04-21 01:00:00.000000 UTC,79517
2022-04-21 02:00:00.000000 UTC,49508
2022-04-21 03:00:00.000000 UTC,79187
2022-04-21 04:00:00.000000 UTC,80054
2022-04-21 05:00:00.000000 UTC,86240
2022-04-21 06:00:00.000000 UTC,102716
2022-04-21 07:00:00.000000 UTC,96597
2022-04-21 08:00:00.000000 UTC,157177
2022-04-21 09:00:00.000000 UTC,191647
2022-04-21 10:00:00.000000 UTC,239879
2022-04-21 11:00:00.000000 UTC,106850
2022-04-21 12:00:00.000000 UTC,132871
2022-04-21 13:00:00.000000 UTC,125324
2022-04-21 14:00:00.000000 UTC,99972
2022-04-21 15:00:00.000000 UTC,132359
2022-04-21 16:00:00.000000 UTC,176315
2022-04-21 17:00:00.000000 UTC,161255
2022-04-21 18:00:00.000000 UTC,159861
2022-04-21 19:00:00.000000 UTC,95782
2022-04-21 20:00:00.000000 UTC,119528
2022-04-21 21:00:00.000000 UTC,123989
2022-04-21 22:00:00.000000 UTC,137077
2022-04-21 23:00:00.000000 UTC,70804
2022-04-22 00:00:00.000000 UTC,102433
2022-04-22 01:00:00.000000 UTC,127449
2022-04-22 02:00:00.000000 UTC,101037
2022-04-22 03:00:00.000000 UTC,55577
2022-04-22 04:00:00.000000 UTC,76751
2022-04-22 05:00:00.000000 UTC,70281
2022-04-22 06:00:00.000000 UTC,86244
2022-04-22 07:00:00.000000 UTC,137711
2022-04-22 08:00:00.000000 UTC,102553
2022-04-22 09:00:00.000000 UTC,137205
2022-04-22 10:00:00.000000 UTC,106304
2022-04-22 11:00:00.000000 UTC,105082
2022-04-22 12:00:00.000000 UTC,113869
2022-04-22 13:00:00.000000 UTC,139754
2022-04-22 14:00:00.000000 UTC,158709
2022-04-22 15:00:00.000000 UTC,205072
2022-04-22 16:00:00.000000 UTC,151136
2022-04-22 17:00:00.000000 UTC,131329
2022-04-22 18:00:00.000000 UTC,111965
2022-04-22 19:00:00.000000 UTC,137462
2022-04-22 20:00:00.000000 UTC,97155
2022-04-22 21:00:00.000000 UTC,95293
2022-04-22 22:00:00.000000 UTC,121593
2022-04-22 23:00:00.000000 UTC,158489
2022-04-23 00:00:00.000000 UTC,160500
2022-04-23 01:00:00.000000 UTC,186700
2022-04-23 02:00:00.000000 UTC,163267
2022-04-23 03:00:00.000000 UTC,128436
2022-04-23 04:00:00.000000 UTC,111934
2022-04-23 05:00:00.000000 UTC,76609
2022-04-23 06:00:00.000000 UTC,77381
2022-04-23 07:00:00.000000 UTC,86349
2022-04-23 08:00:00.000000 UTC,94937
2022-04-23 09:00:00.000000 UTC,115992
2022-04-23 10:00:00.000000 UTC,90762
2022-04-23 11:00:00.000000 UTC,62655
2022-04-23 12:00:00.000000 UTC,113888
2022-04-23 13:00:00.000000 UTC,186742
2022-04-23 14:00:00.000000 UTC,92140
2022-04-23 15:00:00.000000 UTC,84548
2022-04-23 16:00:00.000000 UTC,94666
2022-04-23 17:00:00.000000 UTC,124550
2022-04-23 18:00:00.000000 UTC,117857
2022-04-23 19:00:00.000000 UTC,142685
2022-04-23 20:00:00.000000 UTC,119350
2022-04-23 21:00:00.000000 UTC,184255
2022-04-23 22:00:00.000000 UTC,176454
2022-04-23 23:00:00.000000 UTC,142832
2022-04-24 00:00:00.000000 UTC,193271
2022-04-24 01:00:00.000000 UTC,98336
2022-04-24 02:00:00.000000 UTC,89111
2022-04-24 03:00:00.000000 UTC,73190
2022-04-24 04:00:00.000000 UTC,92234
2022-04-24 05:00:00.000000 UTC,103326
2022-04-24 06:00:00.000000 UTC,122934
2022-04-24 07:00:00.000000 UTC,116490
2022-04-24 08:00:00.000000 UTC,165983
2022-04-24 09:00:00.000000 UTC,82228
2022-04-24 10:00:00.000000 UTC,72393
2022-04-24 11:00:00.000000 UTC,92985
2022-04-24 12:00:00.000000 UTC,90912
2022-04-24 13:00:00.000000 UTC,113075
2022-04-24 14:00:00.000000 UTC,182172
2022-04-24 15:00:00.000000 UTC,113601
2022-04-24 16:00:00.000000 UTC,132901
2022-04-24 17:00:00.000000 UTC,218796
2022-04-24 18:00:00.000000 UTC,131747
2022-04-24 19:00:00.000000 UTC,213792
2022-04-24 20:00:00.000000 UTC,212415
2022-04-24 21:00:00.000000 UTC,221759
2022-04-24 22:00:00.000000 UTC,132209
2022-04-24 23:00:00.000000 UTC,203289
2022-04-25 00:00:00.000000 UTC,169229
2022-04-25 01:00:00.000000 UTC,177041
2022-04-25 02:00:00.000000 UTC,118335
2022-04-25 03:00:00.000000 UTC,66668
2022-04-25 04:00:00.000000 UTC,75825
2022-04-25 05:00:00.000000 UTC,77074
2022-04-25 06:00:00.000000 UTC,100077
2022-04-25 07:00:00.000000 UTC,124439
2022-04-25 08:00:00.000000 UTC,70587
2022-04-25 09:00:00.000000 UTC,107632
2022-04-25 10:00:00.000000 UTC,101768
2022-04-25 11:00:00.000000 UTC,84445
2022-04-25 12:00:00.000000 UTC,87071
2022-04-25 13:00:00.000000 UTC,125966
2022-04-25 14:00:00.000000 UTC,150900
2022-04-25 15:00:00.000000 UTC,97218
2022-04-25 16:00:00.000000 UTC,92851
2022-04-25 17:00:00.000000 UTC,112737
2022-04-25 18:00:00.000000 UTC,277468
2022-04-25 19:00:00.000000 UTC,252726
2022-04-25 20:00:00.000000 UTC,172595
2022-04-25 21:00:00.000000 UTC,156728
2022-04-25 22:00:00.000000 UTC,98260
2022-04-25 23:00:00.000000 UTC,52351
2022-04-26 00:00:00.000000 UTC,56170
2022-04-26 01:00:00.000000 UTC,57698
2022-04-26 02:00:00.000000 UTC,64788
2022-04-26 03:00:00.000000 UTC,80438
2022-04-26 04:00:00.000000 UTC,78504
2022-04-26 05:00:00.000000 UTC,72270
2022-04-26 06:00:00.000000 UTC,78857
2022-04-26 07:00:00.000000 UTC,106076
2022-04-26 08:00:00.000000 UTC,99093
2022-04-26 09:00:00.000000 UTC,105355
2022-04-26 10:00:00.000000 UTC,90755
2022-04-26 11:00:00.000000 UTC,93391
2022-04-26 12:00:00.000000 UTC,127083
2022-04-26 13:00:00.000000 UTC,96619
2022-04-26 14:00:00.000000 UTC,78560
2022-04-26 15:00:00.000000 UTC,85763
2022-04-26 16:00:00.000000 UTC,95213
2022-04-26 17:00:00.000000 UTC,133582
2022-04-26 18:00:00.000000 UTC,151589
2022-04-26 19:00:00.000000 UTC,80357
2022-04-26 20:00:00.000000 UTC,60126
2022-04-26 21:00:00.000000 UTC,54824
2022-04-26 22:00:00.000000 UTC,87149
2022-04-26 23:00:00.000000 UTC,86829
2022-04-27 00:00:00.000000 UTC,98346
2022-04-27 01:00:00.000000 UTC,101743
2022-04-27 02:00:00.000000 UTC,84134
2022-04-27 03:00:00.000000 UTC,65584
2022-04-27 04:00:00.000000 UTC,56453
2022-04-27 05:00:00.000000 UTC,89147
2022-04-27 06:00:00.000000 UTC,124372
2022-04-27 07:00:00.000000 UTC,139050
2022-04-27 08:00:00.000000 UTC,116954
2022-04-27 09:00:00.000000 UTC,98342
2022-04-27 10:00:00.000000 UTC,107205
2022-04-27 11:00:00.000000 UTC,97342
2022-04-27 12:00:00.000000 UTC,98765
2022-04-27 13:00:00.000000 UTC,96890
2022-04-27 14:00:00.000000 UTC,69965
2022-04-27 15:00:00.000000 UTC,155282
2022-04-27 16:00:00.000000 UTC,149571
2022-04-27 17:00:00.000000 UTC,173301
2022-04-27 18:00:00.000000 UTC,211219
2022-04-27 19:00:00.000000 UTC,147906
2022-04-27 20:00:00.000000 UTC,145702
2022-04-27 21:00:00.000000 UTC,140173
2022-04-27 22:00:00.000000 UTC,106206
2022-04-27 23:00:00.000000 UTC,126471
2022-04-28 00:00:00.000000 UTC,132565
2022-04-28 01:00:00.000000 UTC,99813
2022-04-28 02:00:00.000000 UTC,113114
2022-04-28 03:00:00.000000 UTC,138360
2022-04-28 04:00:00.000000 UTC,128551
2022-04-28 05:00:00.000000 UTC,174055
2022-04-28 06:00:00.000000 UTC,119226
2022-04-28 07:00:00.000000 UTC,124727
2022-04-28 08:00:00.000000 UTC,145351
2022-04-28 09:00:00.000000 UTC,140802
2022-04-28 10:00:00.000000 UTC,137046
2022-04-28 11:00:00.000000 UTC,131994
2022-04-28 12:00:00.000000 UTC,105852
2022-04-28 13:00:00.000000 UTC,142686
2022-04-28 14:00:00.000000 UTC,174108
2022-04-28 15:00:00.000000 UTC,145363
2022-04-28 16:00:00.000000 UTC,138639
2022-04-28 17:00:00.000000 UTC,123954
2022-04-28 18:00:00.000000 UTC,201068
2022-04-28 19:00:00.000000 UTC,251887
2022-04-28 20:00:00.000000 UTC,96301
2022-04-28 21:00:00.000000 UTC,186254
2022-04-28 22:00:00.000000 UTC,123645
2022-04-28 23:00:00.000000 UTC,229156
2022-04-29 00:00:00.000000 UTC,270555
2022-04-29 01:00:00.000000 UTC,245041
2022-04-29 02:00:00.000000 UTC,228116
2022-04-29 03:00:00.000000 UTC,229761
2022-04-29 04:00:00.000000 UTC,144108
2022-04-29 05:00:00.000000 UTC,138296
2022-04-29 06:00:00.000000 UTC,148547
2022-04-29 07:00:00.000000 UTC,102336
2022-04-29 08:00:00.000000 UTC,89238
2022-04-29 09:00:00.000000 UTC,89234
2022-04-29 10:00:00.000000 UTC,84571
2022-04-29 11:00:00.000000 UTC,94684
2022-04-29 12:00:00.000000 UTC,148468
2022-04-29 13:00:00.000000 UTC,178512
2022-04-29 14:00:00.000000 UTC,170622
2022-04-29 15:00:00.000000 UTC,147832
2022-04-29 16:00:00.000000 UTC,127773
2022-04-29 17:00:00.000000 UTC,118890
2022-04-29 18:00:00.000000 UTC,135910
2022-04-29 19:00:00.000000 UTC,150966
2022-04-29 20:00:00.000000 UTC,265291
2022-04-29 21:00:00.000000 UTC,318680
2022-04-29 22:00:00.000000 UTC,296839
2022-04-29 23:00:00.000000 UTC,286510
2022-04-30 00:00:00.000000 UTC,315571
2022-04-30 01:00:00.000000 UTC,280593
2022-04-30 02:00:00.000000 UTC,189690
2022-04-30 03:00:00.000000 UTC,281609
2022-04-30 04:00:00.000000 UTC,290518
2022-04-30 05:00:00.000000 UTC,250025
2022-04-30 06:00:00.000000 UTC,197677
2022-04-30 07:00:00.000000 UTC,259788
2022-04-30 08:00:00.000000 UTC,227983
2022-04-30 09:00:00.000000 UTC,133296
2022-04-30 10:00:00.000000 UTC,99103
2022-04-30 11:00:00.000000 UTC,100862
2022-04-30 12:00:00.000000 UTC,133614
2022-04-30 13:00:00.000000 UTC,113054
2022-04-30 14:00:00.000000 UTC,117780
2022-04-30 15:00:00.000000 UTC,122265
2022-04-30 16:00:00.000000 UTC,146427
2022-04-30 17:00:00.000000 UTC,144525
2022-04-30 18:00:00.000000 UTC,176251
2022-04-30 19:00:00.000000 UTC,233801
2022-04-30 20:00:00.000000 UTC,2782
2022-04-30 23:00:00.000000 UTC,145808
2022-05-01 00:00:00.000000 UTC,279940
2022-05-01 01:00:00.000000 UTC,323947
2022-05-01 02:00:00.000000 UTC,47173
2022-05-01 03:00:00.000000 UTC,40432
2022-05-01 04:00:00.000000 UTC,50869
2022-05-01 05:00:00.000000 UTC,68100
2022-05-01 06:00:00.000000 UTC,82287
2022-05-01 07:00:00.000000 UTC,60730
2022-05-01 08:00:00.000000 UTC,56943
2022-05-01 09:00:00.000000 UTC,75929
2022-05-01 10:00:00.000000 UTC,73326
2022-05-01 11:00:00.000000 UTC,61005
2022-05-01 12:00:00.000000 UTC,69859
2022-05-01 13:00:00.000000 UTC,86644
2022-05-01 14:00:00.000000 UTC,82104
2022-05-01 15:00:00.000000 UTC,94104
2022-05-01 16:00:00.000000 UTC,107366
2022-05-01 17:00:00.000000 UTC,99678
2022-05-01 18:00:00.000000 UTC,83974
2022-05-01 19:00:00.000000 UTC,51575
2022-05-01 20:00:00.000000 UTC,76638
2022-05-01 21:00:00.000000 UTC,91539
2022-05-01 22:00:00.000000 UTC,60377
2022-05-01 23:00:00.000000 UTC,77741
2022-05-02 01:00:00.000000 UTC,52462
2022-05-02 02:00:00.000000 UTC,82680
2022-05-02 03:00:00.000000 UTC,109199
2022-05-02 04:00:00.000000 UTC,102387
2022-05-02 05:00:00.000000 UTC,86221
2022-05-02 06:00:00.000000 UTC,101641
2022-05-02 07:00:00.000000 UTC,134796
2022-05-02 08:00:00.000000 UTC,108840
2022-05-02 09:00:00.000000 UTC,82349
2022-05-02 10:00:00.000000 UTC,117596
2022-05-02 11:00:00.000000 UTC,136754
2022-05-02 12:00:00.000000 UTC,111593
2022-05-02 13:00:00.000000 UTC,95708
2022-05-02 14:00:00.000000 UTC,106209
2022-05-02 15:00:00.000000 UTC,134319
2022-05-02 16:00:00.000000 UTC,111841
2022-05-02 17:00:00.000000 UTC,119646
2022-05-02 18:00:00.000000 UTC,115563
2022-05-02 19:00:00.000000 UTC,118815
2022-05-02 20:00:00.000000 UTC,148337
2022-05-02 21:00:00.000000 UTC,118256
2022-05-02 22:00:00.000000 UTC,130012
2022-05-02 23:00:00.000000 UTC,127884
2022-05-03 00:00:00.000000 UTC,156239
2022-05-03 01:00:00.000000 UTC,159013
2022-05-03 02:00:00.000000 UTC,163325
2022-05-03 03:00:00.000000 UTC,169915
2022-05-03 04:00:00.000000 UTC,93473
2022-05-03 05:00:00.000000 UTC,96747
2022-05-03 06:00:00.000000 UTC,88799
2022-05-03 07:00:00.000000 UTC,82348
2022-05-03 08:00:00.000000 UTC,67624
2022-05-03 09:00:00.000000 UTC,92721
2022-05-03 10:00:00.000000 UTC,149621
2022-05-03 11:00:00.000000 UTC,119349
2022-05-03 12:00:00.000000 UTC,118952
2022-05-03 13:00:00.000000 UTC,158639
2022-05-03 14:00:00.000000 UTC,200336
2022-05-03 15:00:00.000000 UTC,185090
2022-05-03 16:00:00.000000 UTC,201063
2022-05-03 17:00:00.000000 UTC,237307
2022-05-03 18:00:00.000000 UTC,225550
2022-05-03 19:00:00.000000 UTC,233331
2022-05-03 20:00:00.000000 UTC,176787
2022-05-03 21:00:00.000000 UTC,206253
2022-05-03 22:00:00.000000 UTC,178498
2022-05-03 23:00:00.000000 UTC,197261
2022-05-04 00:00:00.000000 UTC,130896
2022-05-04 01:00:00.000000 UTC,177056
2022-05-04 02:00:00.000000 UTC,171423
2022-05-04 03:00:00.000000 UTC,171979
2022-05-04 04:00:00.000000 UTC,204831
2022-05-04 05:00:00.000000 UTC,154133
2022-05-04 06:00:00.000000 UTC,122965
2022-05-04 07:00:00.000000 UTC,171627
2022-05-04 08:00:00.000000 UTC,188507
2022-05-04 09:00:00.000000 UTC,178031
2022-05-04 10:00:00.000000 UTC,107103
2022-05-04 11:00:00.000000 UTC,133170
2022-05-04 12:00:00.000000 UTC,188694
2022-05-04 13:00:00.000000 UTC,182642
2022-05-04 14:00:00.000000 UTC,180818
2022-05-04 15:00:00.000000 UTC,143051
2022-05-04 16:00:00.000000 UTC,185829
2022-05-04 17:00:00.000000 UTC,170979
2022-05-04 18:00:00.000000 UTC,160356
2022-05-04 19:00:00.000000 UTC,221724
2022-05-04 20:00:00.000000 UTC,182192
2022-05-04 21:00:00.000000 UTC,191185
2022-05-04 22:00:00.000000 UTC,168061
2022-05-04 23:00:00.000000 UTC,144964
2022-05-05 00:00:00.000000 UTC,145545
2022-05-05 01:00:00.000000 UTC,141512
2022-05-05 02:00:00.000000 UTC,105981
2022-05-05 03:00:00.000000 UTC,145214
2022-05-05 04:00:00.000000 UTC,155881
2022-05-05 05:00:00.000000 UTC,185268
2022-05-05 06:00:00.000000 UTC,252680
2022-05-05 07:00:00.000000 UTC,207582
2022-05-05 08:00:00.000000 UTC,186620
2022-05-05 09:00:00.000000 UTC,183583
2022-05-05 10:00:00.000000 UTC,145694
2022-05-05 11:00:00.000000 UTC,126919
2022-05-05 12:00:00.000000 UTC,95541
2022-05-05 13:00:00.000000 UTC,190671
2022-05-05 14:00:00.000000 UTC,197461
2022-05-05 15:00:00.000000 UTC,154630
2022-05-05 16:00:00.000000 UTC,168992
2022-05-05 17:00:00.000000 UTC,150281
2022-05-05 18:00:00.000000 UTC,120438
2022-05-05 19:00:00.000000 UTC,136689
2022-05-05 20:00:00.000000 UTC,141399
2022-05-05 21:00:00.000000 UTC,117076
2022-05-05 22:00:00.000000 UTC,126126
2022-05-05 23:00:00.000000 UTC,187703
2022-05-06 00:00:00.000000 UTC,204943
2022-05-06 01:00:00.000000 UTC,164383
2022-05-06 02:00:00.000000 UTC,136935
2022-05-06 03:00:00.000000 UTC,231131
2022-05-06 04:00:00.000000 UTC,246101
2022-05-06 05:00:00.000000 UTC,184151
2022-05-06 06:00:00.000000 UTC,169988
2022-05-06 07:00:00.000000 UTC,193515
2022-05-06 08:00:00.000000 UTC,157153
2022-05-06 09:00:00.000000 UTC,152434
2022-05-06 10:00:00.000000 UTC,224681
2022-05-06 11:00:00.000000 UTC,181930
2022-05-06 12:00:00.000000 UTC,180030
2022-05-06 13:00:00.000000 UTC,162905
2022-05-06 14:00:00.000000 UTC,154632
2022-05-06 15:00:00.000000 UTC,155606
2022-05-06 16:00:00.000000 UTC,201210
2022-05-06 17:00:00.000000 UTC,139768
2022-05-06 18:00:00.000000 UTC,142930
2022-05-06 19:00:00.000000 UTC,123189
2022-05-06 20:00:00.000000 UTC,155832
2022-05-06 21:00:00.000000 UTC,124960
2022-05-06 22:00:00.000000 UTC,97852
2022-05-06 23:00:00.000000 UTC,93781
2022-05-07 00:00:00.000000 UTC,186569
2022-05-07 01:00:00.000000 UTC,143634
2022-05-07 02:00:00.000000 UTC,259851
2022-05-07 03:00:00.000000 UTC,226037
2022-05-07 04:00:00.000000 UTC,180157
2022-05-07 05:00:00.000000 UTC,192627
2022-05-07 06:00:00.000000 UTC,206804
2022-05-07 07:00:00.000000 UTC,196347
2022-05-07 08:00:00.000000 UTC,207048
2022-05-07 09:00:00.000000 UTC,250477
2022-05-07 10:00:00.000000 UTC,260633
2022-05-07 11:00:00.000000 UTC,238409
2022-05-07 12:00:00.000000 UTC,134333
2022-05-07 13:00:00.000000 UTC,183195
2022-05-07 14:00:00.000000 UTC,115377
2022-05-07 15:00:00.000000 UTC,92484
2022-05-07 16:00:00.000000 UTC,113413
2022-05-07 17:00:00.000000 UTC,110933
2022-05-07 18:00:00.000000 UTC,112877
2022-05-07 19:00:00.000000 UTC,193711
2022-05-07 20:00:00.000000 UTC,211858
2022-05-07 21:00:00.000000 UTC,199928
2022-05-07 22:00:00.000000 UTC,88125
2022-05-07 23:00:00.000000 UTC,98617
2022-05-08 00:00:00.000000 UTC,93740
2022-05-08 01:00:00.000000 UTC,109465
2022-05-08 02:00:00.000000 UTC,119776
2022-05-08 03:00:00.000000 UTC,146964
2022-05-08 04:00:00.000000 UTC,101997
2022-05-08 05:00:00.000000 UTC,74006
2022-05-08 06:00:00.000000 UTC,83898
2022-05-08 07:00:00.000000 UTC,105404
2022-05-08 08:00:00.000000 UTC,89303
2022-05-08 09:00:00.000000 UTC,81229
2022-05-08 10:00:00.000000 UTC,182064
2022-05-08 11:00:00.000000 UTC,101983
2022-05-08 12:00:00.000000 UTC,120325
2022-05-08 13:00:00.000000 UTC,152168
2022-05-08 14:00:00.000000 UTC,129653
2022-05-08 15:00:00.000000 UTC,141772
2022-05-08 16:00:00.000000 UTC,188511
2022-05-08 17:00:00.000000 UTC,118409
2022-05-08 18:00:00.000000 UTC,130322
2022-05-08 19:00:00.000000 UTC,97426
2022-05-08 20:00:00.000000 UTC,126104
2022-05-08 21:00:00.000000 UTC,74621
2022-05-08 22:00:00.000000 UTC,97352
2022-05-08 23:00:00.000000 UTC,132305
2022-05-09 00:00:00.000000 UTC,105389
2022-05-09 01:00:00.000000 UTC,119423
2022-05-09 02:00:00.000000 UTC,95596
2022-05-09 03:00:00.000000 UTC,107719
2022-05-09 04:00:00.000000 UTC,148534
2022-05-09 05:00:00.000000 UTC,154425
2022-05-09 06:00:00.000000 UTC,134286
2022-05-09 07:00:00.000000 UTC,156155
2022-05-09 08:00:00.000000 UTC,147021
2022-05-09 09:00:00.000000 UTC,113327
2022-05-09 10:00:00.000000 UTC,147300
2022-05-09 11:00:00.000000 UTC,154268
2022-05-09 12:00:00.000000 UTC,160515
2022-05-09 13:00:00.000000 UTC,172740
2022-05-09 14:00:00.000000 UTC,131506
2022-05-09 15:00:00.000000 UTC,112389
2022-05-09 16:00:00.000000 UTC,86129
2022-05-09 17:00:00.000000 UTC,89775
2022-05-09 18:00:00.000000 UTC,81656
2022-05-09 19:00:00.000000 UTC,113785
2022-05-09 20:00:00.000000 UTC,96252
2022-05-09 21:00:00.000000 UTC,95679
2022-05-09 22:00:00.000000 UTC,92530
2022-05-09 23:00:00.000000 UTC,137228
2022-05-10 00:00:00.000000 UTC,130899
2022-05-10 01:00:00.000000 UTC,127201
2022-05-10 02:00:00.000000 UTC,150285
2022-05-10 03:00:00.000000 UTC,151331
2022-05-10 04:00:00.000000 UTC,143271
2022-05-10 05:00:00.000000 UTC,142295
2022-05-10 06:00:00.000000 UTC,154538
2022-05-10 07:00:00.000000 UTC,144347
2022-05-10 08:00:00.000000 UTC,115446
2022-05-10 09:00:00.000000 UTC,126512
2022-05-10 10:00:00.000000 UTC,133723
2022-05-10 11:00:00.000000 UTC,137964
2022-05-10 12:00:00.000000 UTC,140264
2022-05-10 13:00:00.000000 UTC,124583
2022-05-10 14:00:00.000000 UTC,117029
2022-05-10 15:00:00.000000 UTC,141610
2022-05-10 16:00:00.000000 UTC,130828
2022-05-10 17:00:00.000000 UTC,131958
2022-05-10 18:00:00.000000 UTC,126315
2022-05-10 19:00:00.000000 UTC,134579
2022-05-10 20:00:00.000000 UTC,108736
2022-05-10 21:00:00.000000 UTC,104303
2022-05-10 22:00:00.000000 UTC,148959
2022-05-10 23:00:00.000000 UTC,151056
2022-05-11 00:00:00.000000 UTC,136781
2022-05-11 01:00:00.000000 UTC,139119
2022-05-11 02:00:00.000000 UTC,125297
2022-05-11 03:00:00.000000 UTC,125013
2022-05-11 04:00:00.000000 UTC,130644
2022-05-11 05:00:00.000000 UTC,185048
2022-05-11 06:00:00.000000 UTC,196826
2022-05-11 07:00:00.000000 UTC,163832
2022-05-11 08:00:00.000000 UTC,186945
2022-05-11 09:00:00.000000 UTC,189668
2022-05-11 10:00:00.000000 UTC,178700
2022-05-11 11:00:00.000000 UTC,176838
2022-05-11 12:00:00.000000 UTC,165326
2022-05-11 13:00:00.000000 UTC,146289
2022-05-11 14:00:00.000000 UTC,136636
2022-05-11 15:00:00.000000 UTC,136908
2022-05-11 16:00:00.000000 UTC,138857
2022-05-11 17:00:00.000000 UTC,123233
2022-05-11 18:00:00.000000 UTC,127367
2022-05-11 19:00:00.000000 UTC,116335
2022-05-11 20:00:00.000000 UTC,130261
2022-05-11 21:00:00.000000 UTC,132031
2022-05-11 22:00:00.000000 UTC,152789
2022-05-11 23:00:00.000000 UTC,148454
2022-05-12 00:00:00.000000 UTC,171041
2022-05-12 01:00:00.000000 UTC,162784
2022-05-12 02:00:00.000000 UTC,160701
2022-05-12 03:00:00.000000 UTC,146891
2022-05-12 04:00:00.000000 UTC,144361
2022-05-12 05:00:00.000000 UTC,133470
2022-05-12 06:00:00.000000 UTC,118630
2022-05-12 07:00:00.000000 UTC,129604
2022-05-12 08:00:00.000000 UTC,103633
2022-05-12 09:00:00.000000 UTC,117203
2022-05-12 10:00:00.000000 UTC,120896
2022-05-12 11:00:00.000000 UTC,114725
2022-05-12 12:00:00.000000 UTC,124613
2022-05-12 13:00:00.000000 UTC,144719
2022-05-12 14:00:00.000000 UTC,143574
2022-05-12 15:00:00.000000 UTC,158047
2022-05-12 16:00:00.000000 UTC,141433
2022-05-12 17:00:00.000000 UTC,162755
2022-05-12 18:00:00.000000 UTC,92794
2022-05-12 19:00:00.000000 UTC,132333
2022-05-12 20:00:00.000000 UTC,118433
2022-05-12 21:00:00.000000 UTC,93017
2022-05-12 22:00:00.000000 UTC,109119
2022-05-12 23:00:00.000000 UTC,109427
2022-05-13 00:00:00.000000 UTC,133767
2022-05-13 01:00:00.000000 UTC,141459
2022-05-13 02:00:00.000000 UTC,147334
2022-05-13 03:00:00.000000 UTC,141449
2022-05-13 04:00:00.000000 UTC,145597
2022-05-13 05:00:00.000000 UTC,139093
2022-05-13 06:00:00.000000 UTC,142564
2022-05-13 07:00:00.000000 UTC,130597
2022-05-13 08:00:00.000000 UTC,123484
2022-05-13 09:00:00.000000 UTC,133523
2022-05-13 10:00:00.000000 UTC,121930
2022-05-13 11:00:00.000000 UTC,136231
2022-05-13 12:00:00.000000 UTC,142349
2022-05-13 13:00:00.000000 UTC,155700
2022-05-13 14:00:00.000000 UTC,140834
2022-05-13 15:00:00.000000 UTC,142954
2022-05-13 16:00:00.000000 UTC,129503
2022-05-13 17:00:00.000000 UTC,140964
2022-05-13 18:00:00.000000 UTC,139734
2022-05-13 19:00:00.000000 UTC,109355
2022-05-13 20:00:00.000000 UTC,107964
2022-05-13 21:00:00.000000 UTC,108449
2022-05-13 22:00:00.000000 UTC,129173
2022-05-13 23:00:00.000000 UTC,172617
2022-05-14 00:00:00.000000 UTC,141801
2022-05-14 01:00:00.000000 UTC,183445
2022-05-14 02:00:00.000000 UTC,172917
2022-05-14 03:00:00.000000 UTC,180012
2022-05-14 04:00:00.000000 UTC,200628
2022-05-14 05:00:00.000000 UTC,203570
2022-05-14 06:00:00.000000 UTC,185035
2022-05-14 07:00:00.000000 UTC,213814
2022-05-14 08:00:00.000000 UTC,193335
2022-05-14 09:00:00.000000 UTC,175235
2022-05-14 10:00:00.000000 UTC,225498
2022-05-14 11:00:00.000000 UTC,178023
2022-05-14 12:00:00.000000 UTC,198273
2022-05-14 13:00:00.000000 UTC,161153
2022-05-14 14:00:00.000000 UTC,177370
2022-05-14 15:00:00.000000 UTC,178056
2022-05-14 16:00:00.000000 UTC,163125
2022-05-14 17:00:00.000000 UTC,181612
2022-05-14 18:00:00.000000 UTC,168860
2022-05-14 19:00:00.000000 UTC,201526
2022-05-14 20:00:00.000000 UTC,166114
2022-05-14 21:00:00.000000 UTC,171721
2022-05-14 22:00:00.000000 UTC,187627
2022-05-14 23:00:00.000000 UTC,184035
2022-05-15 00:00:00.000000 UTC,177245
2022-05-15 01:00:00.000000 UTC,173263
2022-05-15 02:00:00.000000 UTC,164348
2022-05-15 03:00:00.000000 UTC,152353
2022-05-15 04:00:00.000000 UTC,205562
2022-05-15 05:00:00.000000 UTC,173091
2022-05-15 06:00:00.000000 UTC,133850
2022-05-15 07:00:00.000000 UTC,177490
2022-05-15 08:00:00.000000 UTC,175277
2022-05-15 09:00:00.000000 UTC,183617
2022-05-15 10:00:00.000000 UTC,171683
2022-05-15 11:00:00.000000 UTC,173641
2022-05-15 12:00:00.000000 UTC,154355
2022-05-15 13:00:00.000000 UTC,184519
2022-05-15 14:00:00.000000 UTC,167856
2022-05-15 15:00:00.000000 UTC,178282
2022-05-15 16:00:00.000000 UTC,148952
2022-05-15 17:00:00.000000 UTC,154710
2022-05-15 18:00:00.000000 UTC,161081
2022-05-15 19:00:00.000000 UTC,171393
2022-05-15 20:00:00.000000 UTC,191913
2022-05-15 21:00:00.000000 UTC,176749
2022-05-15 22:00:00.000000 UTC,203822
2022-05-15 23:00:00.000000 UTC,179389
2022-05-16 00:00:00.000000 UTC,217441
2022-05-16 01:00:00.000000 UTC,169226
2022-05-16 02:00:00.000000 UTC,168692
2022-05-16 03:00:00.000000 UTC,167579
2022-05-16 04:00:00.000000 UTC,188770
2022-05-16 05:00:00.000000 UTC,171967
2022-05-16 06:00:00.000000 UTC,171892
2022-05-16 07:00:00.000000 UTC,160329
2022-05-16 08:00:00.000000 UTC,120314
2022-05-16 09:00:00.000000 UTC,167253
2022-05-16 10:00:00.000000 UTC,179422
2022-05-16 11:00:00.000000 UTC,145195
2022-05-16 12:00:00.000000 UTC,147757
2022-05-16 13:00:00.000000 UTC,151924
2022-05-16 14:00:00.000000 UTC,137185
2022-05-16 15:00:00.000000 UTC,137569
2022-05-16 16:00:00.000000 UTC,162964
2022-05-16 17:00:00.000000 UTC,156526
2022-05-16 18:00:00.000000 UTC,141146
2022-05-16 19:00:00.000000 UTC,166643
2022-05-16 20:00:00.000000 UTC,122101
2022-05-16 21:00:00.000000 UTC,85865
2022-05-16 22:00:00.000000 UTC,76426
2022-05-16 23:00:00.000000 UTC,80265
2022-05-17 00:00:00.000000 UTC,92249
2022-05-17 01:00:00.000000 UTC,95850
2022-05-17 02:00:00.000000 UTC,84097
2022-05-17 03:00:00.000000 UTC,72051
2022-05-17 04:00:00.000000 UTC,91096
2022-05-17 05:00:00.000000 UTC,113085
2022-05-17 06:00:00.000000 UTC,92435
2022-05-17 07:00:00.000000 UTC,87148
2022-05-17 08:00:00.000000 UTC,86353
2022-05-17 09:00:00.000000 UTC,85322
2022-05-17 10:00:00.000000 UTC,90490
2022-05-17 11:00:00.000000 UTC,96624
2022-05-17 12:00:00.000000 UTC,99114
2022-05-17 13:00:00.000000 UTC,137137
2022-05-17 14:00:00.000000 UTC,137596
2022-05-17 15:00:00.000000 UTC,133914
2022-05-17 16:00:00.000000 UTC,125674
2022-05-17 17:00:00.000000 UTC,181304
2022-05-17 18:00:00.000000 UTC,189143
2022-05-17 19:00:00.000000 UTC,166047
2022-05-17 20:00:00.000000 UTC,161201
2022-05-17 21:00:00.000000 UTC,144235
2022-05-17 22:00:00.000000 UTC,178266
2022-05-17 23:00:00.000000 UTC,172524
2022-05-18 00:00:00.000000 UTC,157310
2022-05-18 01:00:00.000000 UTC,192063
2022-05-18 02:00:00.000000 UTC,151410
2022-05-18 03:00:00.000000 UTC,154003
2022-05-18 04:00:00.000000 UTC,160118
2022-05-18 05:00:00.000000 UTC,150778
2022-05-18 06:00:00.000000 UTC,162972
2022-05-18 07:00:00.000000 UTC,162179
2022-05-18 08:00:00.000000 UTC,181025
2022-05-18 09:00:00.000000 UTC,200921
2022-05-18 10:00:00.000000 UTC,160978
2022-05-18 11:00:00.000000 UTC,187940
2022-05-18 12:00:00.000000 UTC,176392
2022-05-18 13:00:00.000000 UTC,172584
2022-05-18 14:00:00.000000 UTC,158601
2022-05-18 15:00:00.000000 UTC,172818
2022-05-18 16:00:00.000000 UTC,160181
2022-05-18 17:00:00.000000 UTC,154345
2022-05-18 18:00:00.000000 UTC,114707
2022-05-18 19:00:00.000000 UTC,185234
2022-05-18 20:00:00.000000 UTC,144061
2022-05-18 21:00:00.000000 UTC,123855
2022-05-18 22:00:00.000000 UTC,123713
2022-05-18 23:00:00.000000 UTC,152921
2022-05-19 00:00:00.000000 UTC,148921
2022-05-19 01:00:00.000000 UTC,176076
2022-05-19 02:00:00.000000 UTC,156716
2022-05-19 03:00:00.000000 UTC,127660
2022-05-19 04:00:00.000000 UTC,100739
2022-05-19 05:00:00.000000 UTC,116575
2022-05-19 06:00:00.000000 UTC,127741
2022-05-19 07:00:00.000000 UTC,109903
2022-05-19 08:00:00.000000 UTC,133724
2022-05-19 09:00:00.000000 UTC,126991
2022-05-19 10:00:00.000000 UTC,134835
2022-05-19 11:00:00.000000 UTC,134604
2022-05-19 12:00:00.000000 UTC,144481
2022-05-19 13:00:00.000000 UTC,129165
2022-05-19 14:00:00.000000 UTC,131918
2022-05-19 15:00:00.000000 UTC,134680
2022-05-19 16:00:00.000000 UTC,134440
2022-05-19 17:00:00.000000 UTC,116610
2022-05-19 18:00:00.000000 UTC,107724
2022-05-19 19:00:00.000000 UTC,125740
2022-05-19 20:00:00.000000 UTC,83603
2022-05-19 21:00:00.000000 UTC,94874
2022-05-19 22:00:00.000000 UTC,34700
2022-05-19 23:00:00.000000 UTC,29003
2022-05-20 00:00:00.000000 UTC,23079
2022-05-20 01:00:00.000000 UTC,34509
2022-05-20 02:00:00.000000 UTC,34432
2022-05-20 03:00:00.000000 UTC,32797
2022-05-20 04:00:00.000000 UTC,38649
2022-05-20 05:00:00.000000 UTC,32288
2022-05-20 06:00:00.000000 UTC,112273
2022-05-20 07:00:00.000000 UTC,101317
2022-05-20 08:00:00.000000 UTC,135521
2022-05-20 09:00:00.000000 UTC,123203
2022-05-20 10:00:00.000000 UTC,179117
2022-05-20 11:00:00.000000 UTC,174115
2022-05-20 12:00:00.000000 UTC,174113
2022-05-20 13:00:00.000000 UTC,121631
2022-05-20 14:00:00.000000 UTC,185057
2022-05-20 15:00:00.000000 UTC,135149
2022-05-20 16:00:00.000000 UTC,179856
2022-05-20 17:00:00.000000 UTC,164996
2022-05-20 18:00:00.000000 UTC,112544
2022-05-20 19:00:00.000000 UTC,103500
2022-05-20 20:00:00.000000 UTC,128859
2022-05-20 21:00:00.000000 UTC,142167
2022-05-20 22:00:00.000000 UTC,136005
2022-05-20 23:00:00.000000 UTC,117146
2022-05-21 00:00:00.000000 UTC,105617
2022-05-21 01:00:00.000000 UTC,208858
2022-05-21 02:00:00.000000 UTC,135863
2022-05-21 03:00:00.000000 UTC,128258
2022-05-21 04:00:00.000000 UTC,188755
2022-05-21 05:00:00.000000 UTC,151991
2022-05-21 06:00:00.000000 UTC,146498
2022-05-21 07:00:00.000000 UTC,128452
2022-05-21 08:00:00.000000 UTC,137322
2022-05-21 09:00:00.000000 UTC,100362
2022-05-21 10:00:00.000000 UTC,98899
2022-05-21 11:00:00.000000 UTC,188626
2022-05-21 12:00:00.000000 UTC,133705
2022-05-21 13:00:00.000000 UTC,140987
2022-05-21 14:00:00.000000 UTC,104987
2022-05-21 15:00:00.000000 UTC,115107
2022-05-21 16:00:00.000000 UTC,139595
2022-05-21 17:00:00.000000 UTC,151015
2022-05-21 18:00:00.000000 UTC,145426
2022-05-21 19:00:00.000000 UTC,165728
2022-05-21 20:00:00.000000 UTC,138891
2022-05-21 21:00:00.000000 UTC,158156
2022-05-21 22:00:00.000000 UTC,114934
2022-05-21 23:00:00.000000 UTC,176663
2022-05-22 00:00:00.000000 UTC,166842
2022-05-22 01:00:00.000000 UTC,144457
2022-05-22 02:00:00.000000 UTC,139699
2022-05-22 03:00:00.000000 UTC,137209
2022-05-22 04:00:00.000000 UTC,111295
2022-05-22 05:00:00.000000 UTC,100912
2022-05-22 06:00:00.000000 UTC,107596
2022-05-22 07:00:00.000000 UTC,91775
2022-05-22 08:00:00.000000 UTC,75769
2022-05-22 09:00:00.000000 UTC,93580
2022-05-22 10:00:00.000000 UTC,116960
2022-05-22 11:00:00.000000 UTC,136753
2022-05-22 12:00:00.000000 UTC,135536
2022-05-22 13:00:00.000000 UTC,131728
2022-05-22 14:00:00.000000 UTC,127568
2022-05-22 15:00:00.000000 UTC,163151
2022-05-22 16:00:00.000000 UTC,182704
2022-05-22 17:00:00.000000 UTC,128821
2022-05-22 18:00:00.000000 UTC,69115
2022-05-22 19:00:00.000000 UTC,103531
2022-05-22 20:00:00.000000 UTC,144872
2022-05-22 21:00:00.000000 UTC,121883
2022-05-22 22:00:00.000000 UTC,48810
2022-05-22 23:00:00.000000 UTC,8218
2022-05-23 00:00:00.000000 UTC,49477
2022-05-23 01:00:00.000000 UTC,98016
2022-05-23 02:00:00.000000 UTC,99598
2022-05-23 03:00:00.000000 UTC,115475
2022-05-23 04:00:00.000000 UTC,131183
2022-05-23 05:00:00.000000 UTC,81119
2022-05-23 06:00:00.000000 UTC,88607
2022-05-23 07:00:00.000000 UTC,111717
2022-05-23 08:00:00.000000 UTC,177647
2022-05-23 09:00:00.000000 UTC,187399
2022-05-23 10:00:00.000000 UTC,181441
2022-05-23 11:00:00.000000 UTC,162086
2022-05-23 12:00:00.000000 UTC,157728
2022-05-23 13:00:00.000000 UTC,171458
2022-05-23 14:00:00.000000 UTC,156542
2022-05-23 15:00:00.000000 UTC,180127
2022-05-23 16:00:00.000000 UTC,169720
2022-05-23 17:00:00.000000 UTC,187380
2022-05-23 18:00:00.000000 UTC,203041
2022-05-23 19:00:00.000000 UTC,190673
2022-05-23 20:00:00.000000 UTC,156205
2022-05-23 21:00:00.000000 UTC,186846
2022-05-23 22:00:00.000000 UTC,180915
2022-05-23 23:00:00.000000 UTC,157212
2022-05-24 00:00:00.000000 UTC,184863
2022-05-24 01:00:00.000000 UTC,183766
2022-05-24 02:00:00.000000 UTC,231313
2022-05-24 03:00:00.000000 UTC,223852
2022-05-24 04:00:00.000000 UTC,246503
2022-05-24 05:00:00.000000 UTC,134030
2022-05-24 06:00:00.000000 UTC,143932
2022-05-24 07:00:00.000000 UTC,144537
2022-05-24 08:00:00.000000 UTC,165917
2022-05-24 09:00:00.000000 UTC,121936
2022-05-24 10:00:00.000000 UTC,102675
2022-05-24 11:00:00.000000 UTC,125328
2022-05-24 12:00:00.000000 UTC,170465
2022-05-24 13:00:00.000000 UTC,199795
2022-05-24 14:00:00.000000 UTC,129462
2022-05-24 15:00:00.000000 UTC,119067
2022-05-24 16:00:00.000000 UTC,134416
2022-05-24 17:00:00.000000 UTC,123554
2022-05-24 18:00:00.000000 UTC,101287
2022-05-24 19:00:00.000000 UTC,103918
2022-05-24 20:00:00.000000 UTC,127515
2022-05-24 21:00:00.000000 UTC,93496
2022-05-24 22:00:00.000000 UTC,74938
2022-05-24 23:00:00.000000 UTC,56714
2022-05-25 00:00:00.000000 UTC,53126
2022-05-25 01:00:00.000000 UTC,66545
2022-05-25 02:00:00.000000 UTC,53080
2022-05-25 03:00:00.000000 UTC,56305
2022-05-25 04:00:00.000000 UTC,61098
2022-05-25 05:00:00.000000 UTC,64193
2022-05-25 06:00:00.000000 UTC,65513
2022-05-25 07:00:00.000000 UTC,76001
2022-05-25 08:00:00.000000 UTC,79198
2022-05-25 09:00:00.000000 UTC,62283
2022-05-25 10:00:00.000000 UTC,73389
2022-05-25 11:00:00.000000 UTC,130800
2022-05-25 12:00:00.000000 UTC,139426
2022-05-25 13:00:00.000000 UTC,152930
2022-05-25 14:00:00.000000 UTC,129214
2022-05-25 15:00:00.000000 UTC,110173
2022-05-25 16:00:00.000000 UTC,94336
2022-05-25 17:00:00.000000 UTC,153594
2022-05-25 18:00:00.000000 UTC,144911
2022-05-25 19:00:00.000000 UTC,126933
2022-05-25 20:00:00.000000 UTC,131050
2022-05-25 21:00:00.000000 UTC,107931
2022-05-25 22:00:00.000000 UTC,125951
2022-05-25 23:00:00.000000 UTC,142745
2022-05-26 00:00:00.000000 UTC,164476
2022-05-26 01:00:00.000000 UTC,146689
2022-05-26 02:00:00.000000 UTC,167036
2022-05-26 03:00:00.000000 UTC,121586
2022-05-26 04:00:00.000000 UTC,145848
2022-05-26 05:00:00.000000 UTC,169998
2022-05-26 06:00:00.000000 UTC,165618
2022-05-26 07:00:00.000000 UTC,151465
2022-05-26 08:00:00.000000 UTC,158930
2022-05-26 09:00:00.000000 UTC,143225
2022-05-26 10:00:00.000000 UTC,176375
2022-05-26 11:00:00.000000 UTC,142638
2022-05-26 12:00:00.000000 UTC,142286
2022-05-26 13:00:00.000000 UTC,164882
2022-05-26 14:00:00.000000 UTC,172446
2022-05-26 15:00:00.000000 UTC,154498
2022-05-26 16:00:00.000000 UTC,150107
2022-05-26 17:00:00.000000 UTC,162644
2022-05-26 18:00:00.000000 UTC,148323
2022-05-26 19:00:00.000000 UTC,167827
2022-05-26 20:00:00.000000 UTC,145672
2022-05-26 21:00:00.000000 UTC,127718
2022-05-26 22:00:00.000000 UTC,154117
2022-05-26 23:00:00.000000 UTC,159983
2022-05-27 00:00:00.000000 UTC,156256
2022-05-27 01:00:00.000000 UTC,162092
2022-05-27 02:00:00.000000 UTC,151213
2022-05-27 03:00:00.000000 UTC,214832
2022-05-27 04:00:00.000000 UTC,142436
2022-05-27 05:00:00.000000 UTC,155326
2022-05-27 06:00:00.000000 UTC,147995
2022-05-27 07:00:00.000000 UTC,150560
2022-05-27 08:00:00.000000 UTC,142670
2022-05-27 09:00:00.000000 UTC,147800
2022-05-27 10:00:00.000000 UTC,158286
2022-05-27 11:00:00.000000 UTC,154857
2022-05-27 12:00:00.000000 UTC,169885
2022-05-27 13:00:00.000000 UTC,159641
2022-05-27 14:00:00.000000 UTC,147618
2022-05-27 15:00:00.000000 UTC,122718
2022-05-27 16:00:00.000000 UTC,139376
2022-05-27 17:00:00.000000 UTC,132749
2022-05-27 18:00:00.000000 UTC,132729
2022-05-27 19:00:00.000000 UTC,111636
2022-05-27 20:00:00.000000 UTC,121641
2022-05-27 21:00:00.000000 UTC,137791
2022-05-27 22:00:00.000000 UTC,157658
2022-05-27 23:00:00.000000 UTC,127453
2022-05-28 00:00:00.000000 UTC,103007
2022-05-28 01:00:00.000000 UTC,102454
2022-05-28 02:00:00.000000 UTC,143362
2022-05-28 03:00:00.000000 UTC,155987
2022-05-28 04:00:00.000000 UTC,129675
2022-05-28 05:00:00.000000 UTC,121704
2022-05-28 06:00:00.000000 UTC,134108
2022-05-28 07:00:00.000000 UTC,134692
2022-05-28 08:00:00.000000 UTC,115092
2022-05-28 09:00:00.000000 UTC,154243
2022-05-28 10:00:00.000000 UTC,109229
2022-05-28 11:00:00.000000 UTC,123505
2022-05-28 12:00:00.000000 UTC,159439
2022-05-28 13:00:00.000000 UTC,266922
2022-05-28 14:00:00.000000 UTC,127114
2022-05-28 15:00:00.000000 UTC,88100
2022-05-28 16:00:00.000000 UTC,91796
2022-05-28 17:00:00.000000 UTC,166230
2022-05-28 18:00:00.000000 UTC,144285
2022-05-28 19:00:00.000000 UTC,91831
2022-05-28 20:00:00.000000 UTC,98807
2022-05-28 21:00:00.000000 UTC,119569
2022-05-28 22:00:00.000000 UTC,157863
2022-05-28 23:00:00.000000 UTC,171849
2022-05-29 00:00:00.000000 UTC,185867
2022-05-29 01:00:00.000000 UTC,191624
2022-05-29 02:00:00.000000 UTC,121715
2022-05-29 03:00:00.000000 UTC,115400
2022-05-29 04:00:00.000000 UTC,126642
2022-05-29 05:00:00.000000 UTC,105088
2022-05-29 06:00:00.000000 UTC,128466
2022-05-29 07:00:00.000000 UTC,121058
2022-05-29 08:00:00.000000 UTC,130010
2022-05-29 09:00:00.000000 UTC,135197
2022-05-29 10:00:00.000000 UTC,127292
2022-05-29 11:00:00.000000 UTC,98031
2022-05-29 12:00:00.000000 UTC,96340
2022-05-29 13:00:00.000000 UTC,119113
2022-05-29 14:00:00.000000 UTC,105861
2022-05-29 15:00:00.000000 UTC,82472
2022-05-29 16:00:00.000000 UTC,83280
2022-05-29 17:00:00.000000 UTC,103669
2022-05-29 18:00:00.000000 UTC,93552
2022-05-29 19:00:00.000000 UTC,105525
2022-05-29 20:00:00.000000 UTC,121269
2022-05-29 21:00:00.000000 UTC,93851
2022-05-29 22:00:00.000000 UTC,86502
2022-05-29 23:00:00.000000 UTC,105742
2022-05-30 00:00:00.000000 UTC,32